marca,vendas,receita_total,lucro_total,desconto_medio,taxa_atingiu_meta,taxa_atraso,margem_lucro,ticket_medio
Alpha,255,4304476.3141,944584.3441,0.12390196078431372,0.06666666666666667,0.48627450980392156,0.21944233750476522,16880.29927098039
Gamma,252,3811106.8464,726318.2564000001,0.12740079365079365,0.0873015873015873,0.5238095238095238,0.19057934759454087,15123.439866666668
Beta,250,3560376.8898,731897.1498,0.13092,0.052,0.536,0.20556732403717895,14241.5075592
Delta,243,3520158.4284,679004.9284,0.1307201646090535,0.07407407407407407,0.5308641975308642,0.19289044576002923,14486.24867654321
