canal_venda,vendas,receita_total,lucro_total,desconto_medio,taxa_atingiu_meta,taxa_atraso,margem_lucro,ticket_medio
Online,522,8092223.7471,1600532.6771000002,0.1299616858237548,0.07471264367816093,0.4885057471264368,0.19778650802550796,15502.344343103448
Loja,478,7103894.7316,1481272.0015999998,0.12626569037656904,0.06485355648535565,0.5523012552301255,0.20851547743393647,14861.704459414224
