regiao,vendas,receita_total,lucro_total,desconto_medio,taxa_atingiu_meta,taxa_atraso,margem_lucro,ticket_medio
Sul,209,3314346.5699,732603.3099,0.12473684210526316,0.04784688995215311,0.5502392344497608,0.22104004347442277,15858.117559330143
Centro-Oeste,202,3265071.8116,586749.5016,0.13764851485148516,0.054455445544554455,0.4900990099009901,0.17970493007701172,16163.72183960396
Norte,209,3247788.9366,689213.0166,0.11858851674641148,0.10526315789473684,0.5215311004784688,0.21220991574702316,15539.659983732057
Sudeste,199,2720463.9033,527492.3733,0.13035175879396985,0.06532663316582915,0.5276381909547738,0.1938979497798654,13670.672880904522
Nordeste,181,2648447.2573,545746.4773,0.13035911602209943,0.07734806629834254,0.5027624309392266,0.206062807479266,14632.305288950278
