categoria,vendas,receita_total,lucro_total,desconto_medio,taxa_atingiu_meta,taxa_atraso,margem_lucro,ticket_medio
Informática,492,7297489.8756,1502208.4156,0.1275711382113821,0.08130081300813008,0.5040650406504065,0.2058527577575417,14832.296495121951
Periféricos,346,5432341.1166,1091976.2666,0.1269364161849711,0.06358381502890173,0.5491329479768786,0.2010139354583549,15700.407851445088
Telefonia,132,1934879.5352,399791.5652,0.13454545454545455,0.03787878787878788,0.49242424242424243,0.2066234915026249,14658.178296969698
Outros,30,531407.9513000001,87828.43130000001,0.125,0.1,0.5333333333333333,0.1652749664079029,17713.59837666667
