status_entrega,vendas,receita_media,lucro_medio,taxa_atingiu_meta,receita_total,lucro_total,margem_media_aproximada
Atrasado,519,15112.403202697495,3111.536150674374,0.057803468208092484,7843337.2622,1614887.2622,0.20589287547059218
No prazo,481,15286.447435550936,3049.7243586278587,0.08316008316008316,7352781.2165,1466917.4165,0.19950510878906144
