linha_produto,vendas,receita_total,lucro_total,desconto_medio,taxa_atingiu_meta,taxa_atraso,margem_lucro,ticket_medio
Padrão,323,5183979.291900001,1004272.9919,0.13470588235294118,0.07120743034055728,0.5263157894736842,0.1937262738431812,16049.471491950466
Econômico,347,5084052.4504,1052581.7104,0.12409221902017292,0.06628242074927954,0.5273775216138329,0.20703596602690152,14651.447983861673
Premium,330,4928086.7364,1024949.9764,0.12613636363636363,0.07272727272727272,0.503030303030303,0.2079813183541353,14933.59617090909
