produto,vendas,receita_total,lucro_total,desconto_medio,taxa_atingiu_meta,taxa_atraso,margem_lucro,ticket_medio
Monitor,143,2463025.3196,448537.8596,0.1305944055944056,0.1048951048951049,0.5244755244755245,0.18210850535342585,17223.953283916086
Teclado,115,1973461.4424,425008.67240000004,0.1312173913043478,0.05217391304347826,0.5739130434782609,0.21536203508649815,17160.534281739132
Mouse,133,1962335.2508,389571.59080000006,0.11755639097744361,0.08270676691729323,0.5338345864661654,0.19852448282788604,14754.400381954887
Smartphone,133,1946475.0212,402535.9512,0.13473684210526318,0.03759398496240601,0.48872180451127817,0.20680252601024232,14635.150535338347
Impressora,115,1859469.9215,419170.28150000004,0.13217391304347828,0.06086956521739131,0.5130434782608696,0.2254246098059296,16169.30366521739
Headset,111,1697277.7110000001,310612.351,0.1351801801801802,0.05405405405405406,0.5405405405405406,0.18300620398590742,15290.79018918919
Notebook,122,1647800.9065,386693.2165,0.11852459016393443,0.08196721311475409,0.5245901639344263,0.234672292614132,13506.56480737705
Tablet,128,1646272.9057,299674.75570000004,0.126640625,0.078125,0.4609375,0.18203224669641116,12861.50707578125
