faixa_desconto,vendas,receita_total,lucro_total,desconto_medio,taxa_atingiu_meta,taxa_atraso,margem_lucro,ticket_medio
0% a 5%,202,3360463.6864,1007026.6163999999,0.026386138613861385,0.28217821782178215,0.5148514851485149,0.2996689476144312,16635.958843564356
5% a 10%,183,2729813.8067,664347.2767,0.08081967213114755,0.06557377049180328,0.453551912568306,0.24336724910301188,14917.015337158471
10% a 15%,218,3435365.4819,667703.5719,0.12940366972477066,0.0,0.5596330275229358,0.194361728153219,15758.557256422018
15% a 20%,219,3335380.1418,528110.9018000001,0.18038812785388128,0.0045662100456621,0.5068493150684932,0.15833604547246458,15230.04630958904
Acima de 20%,178,2335095.3619,214616.3119000001,0.22674157303370787,0.0,0.5561797752808989,0.09190901382518826,13118.513269101122
