tipo_cliente,vendas,receita_total,lucro_total,desconto_medio,taxa_atingiu_meta,taxa_atraso,margem_lucro,ticket_medio
Recorrente,519,7853078.6324000005,1578620.5424000002,0.12871868978805395,0.08092485549132948,0.48554913294797686,0.20101932201302225,15131.172702119462
Novo,481,7343039.8463,1503184.1363,0.12762993762993763,0.058212058212058215,0.5550935550935551,0.20470869936207986,15266.195106652807
